{"stats":{"minecraft:killed":{"minecraft:sheep":2,"minecraft:pig":1,"minecraft:spider":1,"alexsmobs:flying_fish":1,"minecraft:cow":4},"minecraft:used":{"alexsmobs:flying_fish":1,"minecraft:wooden_axe":40,"toughasnails:water_purifier":1,"minecraft:glass_bottle":12,"minecraft:wooden_pickaxe":19,"tombstone:grave_key":1,"minecraft:stone_axe":57,"minecraft:sand":2,"minecraft:dirt":29,"minecraft:mutton":2,"minecraft:potion":7,"minecraft:beef":8,"minecraft:crafting_table":1,"toughasnails:purified_water_bottle":4,"minecraft:furnace":1,"minecraft:porkchop":1,"tombstone:gift":1,"alexsmobs:animal_dictionary":2,"minecraft:air":1,"minecraft:granite":23},"minecraft:custom":{"minecraft:time_since_rest":99334,"minecraft:interact_with_furnace":15,"minecraft:sprint_one_cm":167207,"minecraft:damage_taken":465,"minecraft:walk_one_cm":205212,"minecraft:mob_kills":9,"minecraft:drop":4,"minecraft:damage_dealt":1121,"minecraft:swim_one_cm":11431,"minecraft:interact_with_crafting_table":10,"minecraft:fly_one_cm":234986,"minecraft:play_time":122535,"minecraft:crouch_one_cm":202,"minecraft:deaths":1,"minecraft:sneak_time":72,"minecraft:walk_under_water_one_cm":4744,"minecraft:jump":761,"minecraft:leave_game":4,"minecraft:time_since_death":99491,"minecraft:walk_on_water_one_cm":10084,"minecraft:total_world_time":122535,"minecraft:fall_one_cm":19942},"minecraft:mined":{"minecraft:birch_log":6,"minecraft:lilac":1,"minecraft:grass":9,"minecraft:grass_block":15,"minecraft:oak_log":73,"minecraft:poppy":3,"minecraft:sand":13,"minecraft:dirt":24,"minecraft:tall_grass":3,"minecraft:stone":16,"minecraft:sugar_cane":3,"minecraft:oak_leaves":18},"minecraft:dropped":{"minecraft:wheat_seeds":1,"minecraft:diorite":3,"minecraft:glass_bottle":1,"tombstone:grave_dust":1},"minecraft:crafted":{"minecraft:glass_bottle":3,"minecraft:glass":10,"minecraft:charcoal":6,"toughasnails:water_purifier":1,"minecraft:wooden_pickaxe":1,"minecraft:wooden_axe":1,"minecraft:furnace":1,"minecraft:stone_axe":1,"minecraft:air":0},"minecraft:picked_up":{"minecraft:birch_log":6,"minecraft:stick":5,"minecraft:lilac":1,"minecraft:leather":5,"minecraft:porkchop":1,"minecraft:sand":13,"minecraft:oak_log":72,"minecraft:diorite":6,"skilltree:gem":6,"minecraft:lapis_lazuli":6,"minecraft:dirt":48,"minecraft:string":1,"minecraft:wheat_seeds":2,"minecraft:cobbled_deepslate":2,"minecraft:beef":8,"minecraft:granite":27,"minecraft:poppy":3,"minecraft:oak_sapling":6,"minecraft:birch_sapling":1,"minecraft:sugar_cane":5,"minecraft:mutton":2,"minecraft:white_wool":2,"alexsmobs:flying_fish":1,"minecraft:cobblestone":31}},"DataVersion":3465}