{"stats":{"minecraft:killed":{"minecraft:pig":1,"minecraft:spider":1,"minecraft:sheep":2,"alexsmobs:flying_fish":1,"minecraft:cow":4},"minecraft:used":{"toughasnails:water_purifier":1,"minecraft:glass_bottle":14,"minecraft:oak_planks":47,"minecraft:wooden_pickaxe":23,"minecraft:dirt":29,"minecraft:sand":2,"minecraft:mutton":2,"minecraft:crafting_table":1,"minecraft:granite":23,"minecraft:oak_log":45,"alexsmobs:flying_fish":2,"minecraft:wooden_axe":54,"minecraft:apple":4,"tombstone:grave_key":1,"minecraft:stone_axe":152,"minecraft:potion":9,"minecraft:beef":8,"toughasnails:purified_water_bottle":5,"minecraft:furnace":1,"minecraft:porkchop":1,"minecraft:birch_log":28,"tombstone:gift":1,"alexsmobs:animal_dictionary":2,"minecraft:air":1},"minecraft:custom":{"minecraft:interact_with_furnace":15,"minecraft:mob_kills":9,"minecraft:interact_with_crafting_table":13,"minecraft:leave_game":5,"minecraft:time_since_death":111749,"minecraft:time_since_rest":111592,"minecraft:sprint_one_cm":246568,"minecraft:damage_taken":535,"minecraft:walk_one_cm":296348,"minecraft:drop":8,"minecraft:damage_dealt":1147,"minecraft:swim_one_cm":11431,"minecraft:fly_one_cm":277840,"minecraft:crouch_one_cm":1067,"minecraft:play_time":134793,"minecraft:deaths":1,"minecraft:sneak_time":351,"minecraft:walk_under_water_one_cm":4744,"minecraft:jump":940,"minecraft:walk_on_water_one_cm":10561,"minecraft:total_world_time":134793,"minecraft:fall_one_cm":25369},"minecraft:mined":{"minecraft:dandelion":3,"minecraft:grass_block":15,"minecraft:poppy":8,"minecraft:tall_grass":3,"minecraft:oak_planks":19,"minecraft:sugar_cane":3,"minecraft:birch_sapling":1,"minecraft:birch_log":29,"minecraft:lilac":1,"minecraft:grass":13,"minecraft:oak_log":92,"minecraft:sand":13,"minecraft:dirt":25,"minecraft:stone":20,"minecraft:oak_leaves":34},"minecraft:dropped":{"minecraft:wheat_seeds":1,"minecraft:glass_bottle":2,"minecraft:dirt":20,"minecraft:diorite":3,"tombstone:grave_dust":1,"minecraft:string":2},"minecraft:crafted":{"minecraft:glass_bottle":3,"minecraft:wooden_pickaxe":1,"minecraft:furnace":1,"minecraft:stone_axe":2,"minecraft:air":0,"minecraft:glass":10,"minecraft:charcoal":6,"toughasnails:water_purifier":1,"minecraft:wooden_axe":1},"minecraft:broken":{"minecraft:stone_axe":1,"minecraft:wooden_axe":1},"minecraft:picked_up":{"minecraft:birch_log":29,"minecraft:lilac":1,"minecraft:leather":5,"minecraft:oak_log":91,"skilltree:gem":6,"minecraft:lapis_lazuli":6,"minecraft:string":2,"minecraft:dirt":69,"minecraft:apple":4,"minecraft:wheat_seeds":2,"minecraft:cobbled_deepslate":2,"minecraft:beef":8,"minecraft:poppy":8,"minecraft:sugar_cane":5,"minecraft:birch_sapling":2,"minecraft:oak_planks":19,"minecraft:stick":25,"minecraft:dandelion":3,"minecraft:porkchop":1,"minecraft:sand":13,"minecraft:diorite":6,"minecraft:granite":27,"minecraft:oak_sapling":30,"minecraft:mutton":2,"alexsmobs:flying_fish":2,"minecraft:white_wool":2,"minecraft:cobblestone":35}},"DataVersion":3465}