{"stats":{"minecraft:killed":{"minecraft:sheep":2,"minecraft:pig":1,"minecraft:spider":1,"alexsmobs:flying_fish":1,"minecraft:cow":3},"minecraft:used":{"alexsmobs:flying_fish":1,"minecraft:wooden_axe":37,"toughasnails:water_purifier":1,"minecraft:glass_bottle":6,"minecraft:wooden_pickaxe":10,"tombstone:grave_key":1,"minecraft:sand":2,"minecraft:dirt":1,"minecraft:mutton":2,"minecraft:potion":1,"minecraft:beef":2,"minecraft:crafting_table":1,"toughasnails:purified_water_bottle":3,"minecraft:furnace":1,"minecraft:porkchop":1,"tombstone:gift":1},"minecraft:custom":{"minecraft:time_since_rest":87334,"minecraft:interact_with_furnace":15,"minecraft:sprint_one_cm":121399,"minecraft:damage_taken":410,"minecraft:walk_one_cm":146439,"minecraft:mob_kills":8,"minecraft:drop":2,"minecraft:damage_dealt":889,"minecraft:swim_one_cm":1959,"minecraft:interact_with_crafting_table":8,"minecraft:fly_one_cm":181108,"minecraft:play_time":110535,"minecraft:crouch_one_cm":200,"minecraft:deaths":1,"minecraft:sneak_time":58,"minecraft:walk_under_water_one_cm":4407,"minecraft:jump":565,"minecraft:leave_game":4,"minecraft:time_since_death":87491,"minecraft:walk_on_water_one_cm":7467,"minecraft:total_world_time":110535,"minecraft:fall_one_cm":16854},"minecraft:mined":{"minecraft:birch_log":6,"minecraft:grass":8,"minecraft:grass_block":5,"minecraft:oak_log":23,"minecraft:poppy":1,"minecraft:sand":13,"minecraft:dirt":16,"minecraft:tall_grass":3,"minecraft:stone":10,"minecraft:sugar_cane":3,"minecraft:oak_leaves":2},"minecraft:dropped":{"minecraft:wheat_seeds":1,"tombstone:grave_dust":1},"minecraft:crafted":{"minecraft:glass_bottle":3,"minecraft:glass":10,"minecraft:charcoal":6,"toughasnails:water_purifier":1,"minecraft:wooden_pickaxe":1,"minecraft:wooden_axe":1,"minecraft:furnace":1,"minecraft:air":0},"minecraft:picked_up":{"minecraft:birch_log":6,"minecraft:stick":2,"minecraft:leather":3,"minecraft:porkchop":1,"minecraft:sand":13,"minecraft:oak_log":23,"minecraft:diorite":3,"skilltree:gem":6,"minecraft:lapis_lazuli":6,"minecraft:dirt":30,"minecraft:string":1,"minecraft:wheat_seeds":2,"minecraft:cobbled_deepslate":2,"minecraft:beef":6,"minecraft:granite":27,"minecraft:poppy":1,"minecraft:oak_sapling":6,"minecraft:birch_sapling":1,"minecraft:sugar_cane":5,"minecraft:mutton":2,"minecraft:white_wool":2,"alexsmobs:flying_fish":1,"minecraft:cobblestone":25}},"DataVersion":3465}