{"stats":{"minecraft:used":{"minecraft:dirt":1,"minecraft:crafting_table":1,"toughasnails:purified_water_bottle":1,"minecraft:glass_bottle":2,"minecraft:birch_sapling":1},"minecraft:custom":{"minecraft:time_since_rest":11233,"minecraft:crouch_one_cm":56,"minecraft:interact_with_furnace":2,"minecraft:play_time":11233,"minecraft:sprint_one_cm":27007,"minecraft:damage_taken":132,"minecraft:walk_one_cm":38060,"minecraft:sneak_time":17,"minecraft:walk_under_water_one_cm":239,"minecraft:jump":156,"minecraft:damage_dealt":35,"minecraft:time_since_death":11233,"minecraft:walk_on_water_one_cm":2605,"minecraft:total_world_time":11233,"minecraft:interact_with_crafting_table":1,"minecraft:swim_one_cm":2270,"minecraft:fall_one_cm":2324,"minecraft:fly_one_cm":18884},"minecraft:mined":{"minecraft:birch_log":6,"minecraft:oak_leaves":5},"minecraft:picked_up":{"minecraft:birch_log":6,"minecraft:glass_bottle":1,"minecraft:oak_sapling":4,"minecraft:birch_sapling":1,"alexsmobs:flying_fish":1,"minecraft:dirt":1}},"DataVersion":3465}