{"stats":{"minecraft:used":{"minecraft:wooden_axe":2,"minecraft:dirt":1,"minecraft:potion":1,"minecraft:crafting_table":1,"toughasnails:purified_water_bottle":1,"minecraft:glass_bottle":4,"minecraft:birch_sapling":1},"minecraft:custom":{"minecraft:time_since_rest":23027,"minecraft:play_time":23027,"minecraft:crouch_one_cm":56,"minecraft:interact_with_furnace":2,"minecraft:sprint_one_cm":27007,"minecraft:damage_taken":198,"minecraft:walk_one_cm":99822,"minecraft:sneak_time":25,"minecraft:walk_under_water_one_cm":4780,"minecraft:jump":355,"minecraft:damage_dealt":35,"minecraft:leave_game":1,"minecraft:time_since_death":23027,"minecraft:walk_on_water_one_cm":11434,"minecraft:climb_one_cm":267,"minecraft:swim_one_cm":2270,"minecraft:total_world_time":23027,"minecraft:interact_with_crafting_table":1,"minecraft:fall_one_cm":4323,"minecraft:fly_one_cm":22601},"minecraft:mined":{"minecraft:melon":1,"minecraft:birch_log":6,"minecraft:oak_leaves":5,"minecraft:crafting_table":1},"minecraft:crafted":{"minecraft:wooden_sword":1,"minecraft:stick":4,"minecraft:wooden_pickaxe":1,"minecraft:wooden_axe":1},"minecraft:picked_up":{"minecraft:birch_log":6,"minecraft:crafting_table":1,"minecraft:glass_bottle":2,"minecraft:oak_sapling":4,"minecraft:dirt":1,"minecraft:birch_sapling":1,"alexsmobs:flying_fish":1}},"DataVersion":3465}