{"stats":{"minecraft:used":{"minecraft:cooked_mutton":1,"minecraft:diorite":5,"minecraft:stone_pickaxe":393,"minecraft:wooden_pickaxe":59,"minecraft:torch":60,"minecraft:dirt":14,"minecraft:crafting_table":6,"minecraft:wooden_axe":15,"minecraft:iron_pickaxe":137,"minecraft:stone_axe":3,"minecraft:cobblestone":67,"minecraft:furnace":5},"minecraft:custom":{"minecraft:interact_with_furnace":19,"minecraft:interact_with_crafting_table":17,"minecraft:leave_game":1,"minecraft:time_since_death":71865,"minecraft:time_since_rest":71865,"minecraft:sprint_one_cm":6105,"minecraft:damage_taken":136,"minecraft:walk_one_cm":274447,"minecraft:drop":60,"minecraft:damage_dealt":30,"minecraft:fly_one_cm":2984,"minecraft:crouch_one_cm":1521,"minecraft:play_time":71865,"minecraft:sneak_time":856,"minecraft:walk_under_water_one_cm":298,"minecraft:jump":395,"minecraft:walk_on_water_one_cm":2539,"minecraft:total_world_time":71865,"minecraft:fall_one_cm":2513},"minecraft:mined":{"minecraft:crafting_table":6,"minecraft:granite":27,"minecraft:grass_block":4,"minecraft:cobblestone":14,"minecraft:deepslate_coal_ore":5,"minecraft:lapis_ore":10,"minecraft:diorite":41,"minecraft:furnace":5,"minecraft:iron_ore":56,"minecraft:andesite":2,"minecraft:deepslate_lapis_ore":1,"minecraft:grass":2,"minecraft:oak_log":12,"minecraft:coal_ore":70,"minecraft:deepslate_iron_ore":4,"minecraft:dirt":22,"minecraft:stone":348,"minecraft:gold_ore":2,"minecraft:oak_leaves":8,"minecraft:deepslate":2},"minecraft:dropped":{"minecraft:lapis_lazuli":6,"alexsmobs:animal_dictionary":1,"minecraft:cobbled_deepslate":2,"weaponmaster:tutorialbook":1,"minecraft:cobblestone":69,"minecraft:granite":27,"hogcraft:hogwarts_letter":1,"minecraft:dirt":11,"minecraft:diorite":35,"minecraft:andesite":2,"minecraft:wooden_axe":1,"skilltree:gem":20,"rpgsmw:class_choose_orb":1,"tombstone:grave_dust":1,"slashblade:proudsoul_tiny":1},"minecraft:crafted":{"minecraft:oak_planks":32,"minecraft:crafting_table":1,"minecraft:wooden_pickaxe":1,"minecraft:iron_helmet":1,"minecraft:iron_sword":1,"minecraft:furnace":1,"minecraft:stone_axe":1,"minecraft:cooked_mutton":1,"minecraft:iron_boots":1,"minecraft:iron_chestplate":1,"minecraft:shield":1,"minecraft:stick":36,"minecraft:iron_ingot":30,"minecraft:iron_pickaxe":1,"minecraft:stone_pickaxe":3,"minecraft:wooden_axe":1,"minecraft:iron_leggings":1,"minecraft:torch":56},"minecraft:broken":{"minecraft:stone_pickaxe":3,"minecraft:wooden_pickaxe":1},"minecraft:picked_up":{"minecraft:crafting_table":6,"minecraft:andesite":2,"minecraft:oak_log":12,"skilltree:gem":20,"minecraft:lapis_lazuli":70,"minecraft:dirt":25,"minecraft:cobbled_deepslate":2,"minecraft:raw_gold":1,"minecraft:furnace":5,"minecraft:raw_iron":60,"tombstone:grave_dust":1,"minecraft:diorite":40,"minecraft:granite":27,"minecraft:mutton":1,"minecraft:coal":219,"minecraft:cobblestone":348}},"DataVersion":3465}